[
    {
        "name" : "user1",
        "email" : "user1@gmail.com",
        "password" :"password"
    },
    {
        "name" : "user2",
        "email" : "user2@gmail.com",
        "password" :"password"
    },
    {
        "name" : "user3",
        "email" : "user3@gmail.com",
        "password" :"password"
    },
    {
        "name" : "user4",
        "email" : "user4@gmail.com",
        "password" :"password"
    },
    {
        "name" : "user5",
        "email" : "user5@gmail.com",
        "password" :"password"
    },
    {
        "name" : "user6",
        "email" : "user6@gmail.com",
        "password" :"password"
    }
]